Number,Headline
1,Biden welcomes court's Putin arrest warrant
2,Biden welcomes court's Putin arrest warrant
3,Watch: Can Putin actually be arrested?
4,Imran Khan mobbed by supporters as he leaves for court
5,Wyoming becomes first US state to ban abortion pills
6,Italy leaves children of same-sex parents in limbo
7,Thousands may have lost out to crypto trading app
8,The penguins given world-first cataract surgery
9,Bollywood's complex relationship with paparazzi
10,Millions of dead fish wash up in Australian town
11,Taylor Swift launches Eras tour with 44-song set
12,China's Xi to meet Putin in Moscow
13,Taylor Swift launches Eras tour with 44-song set
14,China's Xi to meet Putin in Moscow
15,France pension reform protests turn violent again
16,The Wire star Lance Reddick dies aged 60
17,Credit Suisse shares hit as investor fears reignite
18,The revolution underway in India's diamond industry
19,BBC World News TV
20,BBC World Service Radio
21,90-year-old tortoise becomes father of three
22,Violence erupts in Paris as pension protests continue
23,A 1970s film on love and envy that is still relevant
24,Australian shreds record for longest surf session
25,Iraq amputee: I can hug my son with my feet
26,Will Vladimir Putin ever face a war crimes trial?
27,How Australia wrote the 'stop the boats' playbook
28,"Floods, awards and jewels: Photos of the week"
29,Why US mothers are more likely to die in childbirth
30,Is this a banking crisis - how worried should I be?
31,Searching for my daughter-in-law in the mud
32,What Chinaâ€™s baby woes mean for its economy
33,Three facts about... recycling
34,Going phone-free 'sets up for failure'
35,A cuisine without a country
36,The American designers who were ignored
37,Shipping's wind power revolution
38,Why layoffs hit workers of colour hard
39,Why bushcraft is booming again
